# word	pinyin (tone-free, v for ü)	initials	base weight
你好	nihao	nh	50
中国	zhongguo	zg	50
我们	women	wm	50
世界	shijie	sj	50
谢谢	xiexie	xx	50
再见	zaijian	zj	50
输入法	shurufa	srf	50
传送带	chuansongdai	csd	50
北京	beijing	bj	50
上海	shanghai	sh	50
中文	zhongwen	zw	50
拼音	pinyin	py	50
今天	jintian	jt	50
明天	mingtian	mt	50
朋友	pengyou	py	50
学习	xuexi	xx	50
工作	gongzuo	gz	50
生活	shenghuo	sh	50
手机	shouji	sj	50
电脑	diannao	dn	50
可以	keyi	ky	49
时间	shijian	sj	49
喜欢	xihuan	xh	49
快乐	kuaile	kl	49
早上	zaoshang	zs	49
晚上	wanshang	ws	49
早上好	zaoshanghao	zsh	49
晚安	wanan	wa	49
你们	nimen	nm	49
他们	tamen	tm	49
的	de	d	49
是	shi	s	49
在	zai	z	49
了	le	l	49
我	wo	w	49
和	he	h	49
有	you	y	49
不	bu	b	49
人	ren	r	49
也	ye	y	49
你	ni	n	48
为	wei	w	48
他	ta	t	48
这	zhe	z	48
中	zhong	z	48
与	yu	y	48
年	nian	n	48
对	dui	d	48
就	jiu	j	48
都	dou	d	48
一个	yige	yg	48
上	shang	s	48
说	shuo	s	48
吗	ma	m	48
会	hui	h	48
到	dao	d	48
要	yao	y	48
来	lai	l	48
月	yue	y	48
被	bei	b	48
没有	meiyou	my	47
还	hai	h	47
而	er	e	47
个	ge	g	47
后	hou	h	47
等	deng	d	47
但	dan	d	47
于	yu	y	47
什么	shenme	sm	47
日	ri	r	47
这个	zhege	zg	47
将	jiang	j	47
并	bing	b	47
能	neng	n	47
一	yi	y	47
很	hen	h	47
让	rang	r	47
从	cong	c	47
国家	guojia	gj	47
以	yi	y	47
好	hao	h	46
大	da	d	46
她	ta	t	46
着	zhe	z	46
多	duo	d	46
自己	ziji	zj	46
问题	wenti	wt	46
时	shi	s	46
给	gei	g	46
把	ba	b	46
去	qu	q	46
看	kan	k	46
又	you	y	46
美国	meiguo	mg	46
或	huo	h	46
因为	yinwei	yw	46
下	xia	x	46
不是	bushi	bs	46
之	zhi	z	46
现在	xianzai	xz	46
过	guo	g	45
新	xin	x	45
里	li	l	45
做	zuo	z	45
及	ji	j	45
地	di	d	45
由	you	y	45
怎么	zenme	zm	45
没	mei	m	45
用	yong	y	45
就是	jiushi	js	45
已经	yijing	yj	45
更	geng	g	45
这些	zhexie	zx	45
得	de	d	45
所	suo	s	45
发展	fazhan	fz	45
开始	kaishi	ks	45
想	xiang	x	45
最	zui	z	45
这样	zheyang	zy	44
公司	gongsi	gs	44
它	ta	t	44
政府	zhengfu	zf	44
可能	keneng	kn	44
那	na	n	44
社会	shehui	sh	44
三	san	s	44
可	ke	k	44
吧	ba	b	44
如果	ruguo	rg	44
知道	zhidao	zd	44
进行	jinxing	jx	44
其	qi	q	44
日本	riben	rb	44
该	gai	g	44
不能	buneng	bn	44
只	zhi	z	44
向	xiang	x	44
计划	jihua	jh	44
前	qian	q	43
成为	chengwei	cw	43
认为	renwei	rw	43
需要	xuyao	xy	43
出	chu	c	43
啊	a	a	43
已	yi	y	43
再	zai	z	43
国际	guoji	gj	43
地区	diqu	dq	43
小	xiao	x	43
当	dang	d	43
时候	shihou	sh	43
们	men	m	43
内	nei	n	43
却	que	q	43
使用	shiyong	sy	43
才	cai	c	43
经济	jingji	jj	43
活动	huodong	hd	43
爱	ai	a	42
但是	danshi	ds	42
历史	lishi	ls	42
应该	yinggai	yg	42
政治	zhengzhi	zz	42
第	di	d	42
谁	shui	s	42
不会	buhui	bh	42
以及	yiji	yj	42
情况	qingkuang	qk	42
真的	zhende	zd	42
组织	zuzhi	zz	42
人民	renmin	rm	42
其他	qita	qt	42
发生	fasheng	fs	42
主要	zhuyao	zy	42
号	hao	h	42
地方	difang	df	42
网站	wangzhan	wz	42
香港	xianggang	xg	42
这种	zhezhong	zz	41
通过	tongguo	tg	41
为了	weile	wl	41
事	shi	s	41
同时	tongshi	ts	41
必须	bixu	bx	41
快	kuai	k	41
所以	suoyi	sy	41
所有	suoyou	sy	41
比	bi	b	41
跟	gen	g	41
包括	baokuo	bk	41
发现	faxian	fx	41
请	qing	q	41
还有	haiyou	hy	41
长	zhang	z	41
一些	yixie	yx	41
为什么	weishenme	wsm	41
全国	quanguo	qg	41
决定	jueding	jd	41
出现	chuxian	cx	40
呢	ne	n	40
如何	ruhe	rh	40
还是	haishi	hs	40
一样	yiyang	yy	40
企业	qiye	qy	40
其中	qizhong	qz	40
觉得	juede	jd	40
重要	zhongyao	zy	40
高	gao	g	40
影响	yingxiang	yx	40
则	ze	z	40
文化	wenhua	wh	40
起来	qilai	ql	40
不过	buguo	bg	40
作为	zuowei	zw	40
学生	xuesheng	xs	40
希望	xiwang	xw	40
技术	jishu	js	40
提供	tigong	tg	40
至	zhi	z	39
要求	yaoqiu	yq	39
那么	name	nm	39
钱	qian	q	39
一定	yiding	yd	39
不同	butong	bt	39
电影	dianying	dy	39
万	wan	w	39
不要	buyao	by	39
使	shi	s	39
像	xiang	x	39
点	dian	d	39
关系	guanxi	gx	39
只是	zhishi	zs	39
听	ting	t	39
研究	yanjiu	yj	39
这么	zheme	zm	39
出来	chulai	cl	39
根据	genju	gj	39
此	ci	c	39
系统	xitong	xt	38
起	qi	q	38
两	liang	l	38
任何	renhe	rh	38
只有	zhiyou	zy	38
服务	fuwu	fw	38
结果	jieguo	jg	38
自	zi	z	38
这里	zheli	zl	38
一起	yiqi	yq	38
因此	yinci	yc	38
国	guo	g	38
如	ru	r	38
带	dai	d	38
游戏	youxi	yx	38
看到	kandao	kd	38
虽然	suiran	sr	38
走	zou	z	38
中心	zhongxin	zx	38
人们	renmen	rm	38
代表	daibiao	db	37
吃	chi	c	37
岁	sui	s	37
支持	zhichi	zc	37
无	wu	w	37
而且	erqie	eq	37
话	hua	h	37
较	jiao	j	37
一直	yizhi	yz	37
么	me	m	37
区	qu	q	37
城市	chengshi	cs	37
太	tai	t	37
家	jia	j	37
市场	shichang	sc	37
最后	zuihou	zh	37
约	yue	y	37
继续	jixu	jx	37
者	zhe	z	37
东西	dongxi	dx	37
之后	zhihou	zh	36
内容	neirong	nr	36
对于	duiyu	dy	36
开	kai	k	36
教育	jiaoyu	jy	36
特别	tebie	tb	36
由于	youyu	yy	36
获得	huode	hd	36
许多	xuduo	xd	36
问	wen	w	36
两个	liangge	lg	36
大学	daxue	dx	36
学校	xuexiao	xx	36
方式	fangshi	fs	36
目前	muqian	mq	36
站	zhan	z	36
表示	biaoshi	bs	36
资料	ziliao	zl	36
这是	zheshi	zs	36
一种	yizhong	yz	36
元	yuan	y	35
关于	guanyu	gy	35
写	xie	x	35
因	yin	y	35
孩子	haizi	hz	35
安全	anquan	aq	35
成	cheng	c	35
大家	dajia	dj	35
打	da	d	35
运动	yundong	yd	35
部分	bufen	bf	35
分	fen	f	35
很多	henduo	hd	35
死	si	s	35
见	jian	j	35
非常	feichang	fc	35
买	mai	m	35
叫	jiao	j	35
台湾	taiwan	tw	35
图	tu	t	35
建设	jianshe	js	34
新闻	xinwen	xw	34
曾	ceng	c	34
有人	youren	yr	34
自由	ziyou	zy	34
参加	canjia	cj	34
当时	dangshi	ds	34
过去	guoqu	gq	34
那些	naxie	nx	34
产品	chanpin	cp	34
会议	huiyi	hy	34
单位	danwei	dw	34
即	ji	j	34
完全	wanquan	wq	34
建立	jianli	jl	34
得到	dedao	dd	34
有关	youguan	yg	34
生产	shengchan	sc	34
相关	xiangguan	xg	34
道	dao	d	34
国内	guonei	gn	33
天	tian	t	33
委员会	weiyuanhui	wyh	33
总	zong	z	33
然后	ranhou	rh	33
选择	xuanze	xz	33
那个	nage	ng	33
一切	yiqie	yq	33
一次	yici	yc	33
人口	renkou	rk	33
另	ling	l	33
应	ying	y	33
无法	wufa	wf	33
正	zheng	z	33
管理	guanli	gl	33
能够	nenggou	ng	33
记者	jizhe	jz	33
进入	jinru	jr	33
领导	lingdao	ld	33
个人	geren	gr	33
便	bian	b	32
党	dang	d	32
间	jian	j	32
一般	yiban	yb	32
发	fa	f	32
名	ming	m	32
完成	wancheng	wc	32
干	gan	g	32
本	ben	b	32
环境	huanjing	hj	32
网络	wangluo	wl	32
达	da	d	32
一点	yidian	yd	32
保护	baohu	bh	32
找	zhao	z	32
提出	tichu	tc	32
民主	minzhu	mz	32
甚至	shenzhi	sz	32
称	cheng	c	32
事件	shijian	sj	32
当然	dangran	dr	31
您	nin	n	31
机构	jigou	jg	31
法律	falv	fl	31
玩	wan	w	31
视频	shipin	sp	31
过程	guocheng	gc	31
准备	zhunbei	zb	31
县	xian	x	31
受	shou	s	31
直接	zhijie	zj	31
真	zhen	z	31
设计	sheji	sj	31
进	jin	j	31
之间	zhijian	zj	31
事情	shiqing	sq	31
人员	renyuan	ry	31
信息	xinxi	xx	31
哪里	nali	nl	31
处	chu	c	31
女	nv	n	30
存在	cunzai	cz	30
总统	zongtong	zt	30
成功	chenggong	cg	30
或者	huozhe	hz	30
战争	zhanzheng	zz	30
报告	baogao	bg	30
最大	zuida	zd	30
每	mei	m	30
比较	bijiao	bj	30
照片	zhaopian	zp	30
种	zhong	z	30
英国	yingguo	yg	30
各	ge	g	30
市	shi	s	30
接受	jieshou	js	30
改变	gaibian	gb	30
政策	zhengce	zc	30
方法	fangfa	ff	30
时期	shiqi	sq	30
正在	zhengzai	zz	29
科技	keji	kj	29
项目	xiangmu	xm	29
一下	yixia	yx	29
不断	buduan	bd	29
以后	yihou	yh	29
位	wei	w	29
作	zuo	z	29
合作	hezuo	hz	29
故事	gushi	gs	29
方面	fangmian	fm	29
有些	youxie	yx	29
未	wei	w	29
次	ci	c	29
省	sheng	s	29
网	wang	w	29
老	lao	l	29
认识	renshi	rs	29
资源	ziyuan	zy	29
集团	jituan	jt	29
专业	zhuanye	zy	28
之前	zhiqian	zq	28
任务	renwu	rw	28
原因	yuanyin	yy	28
参与	canyu	cy	28
外	wai	w	28
女人	nvren	nr	28
小时	xiaoshi	xs	28
成立	chengli	cl	28
是否	shifou	sf	28
科学	kexue	kx	28
经	jing	j	28
规定	guiding	gd	28
举行	juxing	jx	28
了解	liaojie	lj	28
副	fu	f	28
处理	chuli	cl	28
多少	duoshao	ds	28
感觉	ganjue	gj	28
拥有	yongyou	yy	28
时代	shidai	sd	27
电话	dianhua	dh	27
能力	nengli	nl	27
艺术	yishu	ys	27
解决	jiejue	jj	27
马	ma	m	27
传统	chuantong	ct	27
全球	quanqiu	qq	27
其实	qishi	qs	27
机会	jihui	jh	27
独立	duli	dl	27
美	mei	m	27
行	xing	x	27
行为	xingwei	xw	27
超过	chaoguo	cg	27
路	lu	l	27
连	lian	l	27
韩国	hanguo	hg	27
产生	chansheng	cs	27
人类	renlei	rl	27
分析	fenxi	fx	26
制	zhi	z	26
各种	gezhong	gz	26
告诉	gaosu	gs	26
它们	tamen	tm	26
投资	touzi	tz	26
拿	na	n	26
期间	qijian	qj	26
法国	faguo	fg	26
目标	mubiao	mb	26
真正	zhenzheng	zz	26
调查	diaocha	dc	26
世纪	shiji	sj	26
严重	yanzhong	yz	26
仍	reng	r	26
军	jun	j	26
同	tong	t	26
哪	na	n	26
增加	zengjia	zj	26
帮助	bangzhu	bz	26
并且	bingqie	bq	25
行动	xingdong	xd	25
造成	zaocheng	zc	25
作品	zuopin	zp	25
先	xian	x	25
占	zhan	z	25
受到	shoudao	sd	25
台	tai	t	25
基础	jichu	jc	25
家庭	jiating	jt	25
工业	gongye	gy	25
杀	sha	s	25
相信	xiangxin	xx	25
第一	diyi	dy	25
负责	fuze	fz	25
二	er	e	25
住	zhu	z	25
具有	juyou	jy	25
学	xue	x	25
实现	shixian	sx	25
怎样	zenyang	zy	24
据	ju	j	24
控制	kongzhi	kz	24
根本	genben	gb	24
男人	nanren	nr	24
结束	jieshu	js	24
非	fei	f	24
书	shu	s	24
亦	yi	y	24
别	bie	b	24
努力	nuli	nl	24
只要	zhiyao	zy	24
回	hui	h	24
如此	ruci	rc	24
媒体	meiti	mt	24
才能	caineng	cn	24
整个	zhengge	zg	24
来自	laizi	lz	24
经过	jingguo	jg	24
群众	qunzhong	qz	24
选举	xuanju	xj	23
以下	yixia	yx	23
利用	liyong	ly	23
制度	zhidu	zd	23
我国	woguo	wg	23
欧洲	ouzhou	oz	23
每个	meige	mg	23
比赛	bisai	bs	23
表现	biaoxian	bx	23
达到	dadao	dd	23
主席	zhuxi	zx	23
以上	yishang	ys	23
以来	yilai	yl	23
几个	jige	jg	23
办法	banfa	bf	23
图片	tupian	tp	23
年代	niandai	nd	23
开发	kaifa	kf	23
心	xin	x	23
成员	chengyuan	cy	23
未来	weilai	wl	22
讲	jiang	j	22
革命	geming	gm	22
价值	jiazhi	jz	22
反	fan	f	22
基本	jiben	jb	22
导致	daozhi	dz	22
条	tiao	t	22
注意	zhuyi	zy	22
的话	dehua	dh	22
离开	likai	lk	22
送	song	s	22
除了	chule	cl	22
加入	jiaru	jr	22
反对	fandui	fd	22
发布	fabu	fb	22
啦	la	l	22
属于	shuyu	sy	22
建筑	jianzhu	jz	22
形成	xingcheng	xc	22
数据	shuju	sj	21
版	ban	b	21
行政	xingzheng	xz	21
银行	yinhang	yh	21
音乐	yinyue	yy	21
之一	zhiyi	zy	21
变化	bianhua	bh	21
增长	zengzhang	zz	21
官方	guanfang	gf	21
德国	deguo	dg	21
性	xing	x	21
指	zhi	z	21
是不是	shibushi	sbs	21
显示	xianshi	xs	21
经验	jingyan	jy	21
语言	yuyan	yy	21
专家	zhuanjia	zj	21
价格	jiage	jg	21
医院	yiyuan	yy	21
均	jun	j	21
建议	jianyi	jy	20
怎么样	zenmeyang	zmy	20
指出	zhichu	zc	20
期	qi	q	20
权利	quanli	ql	20
条件	tiaojian	tj	20
来说	laishuo	ls	20
标准	biaozhun	bz	20
法	fa	f	20
说明	shuoming	sm	20
这次	zheci	zc	20
部门	bumen	bm	20
全	quan	q	20
变	bian	b	20
可是	keshi	ks	20
改革	gaige	gg	20
母亲	muqin	mq	20
米	mi	m	20
系列	xilie	xl	20
联系	lianxi	lx	20
警察	jingcha	jc	19
记录	jilu	jl	19
不仅	bujin	bj	19
人物	renwu	rw	19
共	gong	g	19
别人	bieren	br	19
后来	houlai	hl	19
女性	nvxing	nx	19
意见	yijian	yj	19
执行	zhixing	zx	19
最高	zuigao	zg	19
机关	jiguan	jg	19
水	shui	s	19
生	sheng	s	19
用户	yonghu	yh	19
确定	queding	qd	19
解释	jieshi	js	19
中央	zhongyang	zy	19
以前	yiqian	yq	19
俄罗斯	eluosi	els	19
先生	xiansheng	xs	18
关注	guanzhu	gz	18
分别	fenbie	fb	18
区域	quyu	qy	18
工程	gongcheng	gc	18
父亲	fuqin	fq	18
理论	lilun	ll	18
简单	jiandan	jd	18
结构	jiegou	jg	18
综合	zonghe	zh	18
老师	laoshi	ls	18
讨论	taolun	tl	18
证明	zhengming	zm	18
采用	caiyong	cy	18
一位	yiwei	yw	18
不到	budao	bd	18
儿子	erzi	ez	18
全部	quanbu	qb	18
公开	gongkai	gk	18
发表	fabiao	fb	18
宣布	xuanbu	xb	17
当地	dangdi	dd	17
最近	zuijin	zj	17
派	pai	p	17
社区	shequ	sq	17
自然	ziran	zr	17
那里	nali	nl	17
今年	jinnian	jn	17
介绍	jieshao	js	17
以为	yiwei	yw	17
功能	gongneng	gn	17
坚持	jianchi	jc	17
学院	xueyuan	xy	17
意思	yisi	ys	17
找到	zhaodao	zd	17
提高	tigao	tg	17
搞	gao	g	17
范围	fanwei	fw	17
车	che	c	17
例如	liru	lr	17
共同	gongtong	gt	16
农业	nongye	ny	16
力量	liliang	ll	16
原	yuan	y	16
取得	qude	qd	16
同样	tongyang	ty	16
土地	tudi	td	16
实施	shishi	ss	16
手	shou	s	16
旅游	lvyou	ly	16
正式	zhengshi	zs	16
民族	minzu	mz	16
类	lei	l	16
级	ji	j	16
组成	zucheng	zc	16
一天	yitian	yt	16
些	xie	x	16
保证	baozheng	bz	16
健康	jiankang	jk	16
场	chang	c	16
大量	daliang	dl	15
实际	shiji	sj	15
容易	rongyi	ry	15
开放	kaifang	kf	15
持续	chixu	cx	15
权力	quanli	ql	15
永远	yongyuan	yy	15
消息	xiaoxi	xx	15
然而	raner	re	15
电视	dianshi	ds	15
看看	kankan	kk	15
精神	jingshen	js	15
考虑	kaolv	kl	15
重点	zhongdian	zd	15
位于	weiyu	wy	15
免费	mianfei	mf	15
印度	yindu	yd	15
变成	biancheng	bc	15
另外	lingwai	lw	15
型	xing	x	15
声音	shengyin	sy	14
女儿	nver	ne	14
妈妈	mama	mm	14
应用	yingyong	yy	14
想要	xiangyao	xy	14
按	an	a	14
明白	mingbai	mb	14
最终	zuizhong	zz	14
汽车	qiche	qc	14
相当	xiangdang	xd	14
空间	kongjian	kj	14
线	xian	x	14
终于	zhongyu	zy	14
美元	meiyuan	my	14
设备	shebei	sb	14
足球	zuqiu	zq	14
里面	limian	lm	14
领域	lingyu	ly	14
产业	chanye	cy	14
亿	yi	y	14
作用	zuoyong	zy	13
几乎	jihu	jh	13
分钟	fenzhong	fz	13
十分	shifen	sf	13
哦	o	o	13
回来	huilai	hl	13
意义	yiyi	yy	13
报	bao	b	13
文章	wenzhang	wz	13
生命	shengming	sm	13
男	nan	n	13
若	ruo	r	13
跑	pao	p	13
靠	kao	k	13
面积	mianji	mj	13
亚洲	yazhou	yz	13
加	jia	j	13
原来	yuanlai	yl	13
名字	mingzi	mz	13
唯一	weiyi	wy	13
少	shao	s	12
居民	jumin	jm	12
所谓	suowei	sw	12
拉	la	l	12
曾经	cengjing	cj	12
真是	zhenshi	zs	12
结合	jiehe	jh	12
统一	tongyi	ty	12
而是	ershi	es	12
肯定	kending	kd	12
队	dui	d	12
三个	sange	sg	12
且	qie	q	12
人士	renshi	rs	12
低	di	d	12
军队	jundui	jd	12
大陆	dalu	dl	12
官员	guanyuan	gy	12
引起	yinqi	yq	12
拍	pai	p	12
放	fang	f	11
明显	mingxian	mx	11
现场	xianchang	xc	11
现象	xianxiang	xx	11
目的	mudi	md	11
确实	queshi	qs	11
稳定	wending	wd	11
系	xi	x	11
重新	chongxin	cx	11
门	men	m	11
加强	jiaqiang	jq	11
完	wan	w	11
式	shi	s	11
强调	qiangdiao	qd	11
总是	zongshi	zs	11
教师	jiaoshi	js	11
模式	moshi	ms	11
死亡	siwang	sw	11
穿	chuan	c	11
笑	xiao	x	11
职业	zhiye	zy	10
联合	lianhe	lh	10
西	xi	x	10
西方	xifang	xf	10
近	jin	j	10
金	jin	j	10
也许	yexu	yx	10
军事	junshi	js	10
宣传	xuanchuan	xc	10
属	shu	s	10
带来	dailai	dl	10
平台	pingtai	pt	10
强	qiang	q	10
更加	gengjia	gj	10
每天	meitian	mt	10
电子	dianzi	dz	10
节目	jiemu	jm	10
越	yue	y	10
选	xuan	x	10
阅读	yuedu	yd	10
难	nan	n	9
一年	yinian	yn	9
一条	yitiao	yt	9
事实	shishi	ss	9
任	ren	r	9
公民	gongmin	gm	9
办	ban	b	9
四	si	s	9
实行	shixing	sx	9
小说	xiaoshuo	xs	9
张	zhang	z	9
感到	gandao	gd	9
愿意	yuanyi	yy	9
抓	zhua	z	9
有没有	youmeiyou	ymy	9
来源	laiyuan	ly	9
现代	xiandai	xd	9
理解	lijie	lj	9
知识	zhishi	zs	9
行业	hangye	hy	9
谈	tan	t	8
责任	zeren	zr	8
转	zhuan	z	8
长期	changqi	cq	8
飞机	feiji	fj	8
下来	xialai	xl	8
东	dong	d	8
仅	jin	j	8
保持	baochi	bc	8
内部	neibu	nb	8
农民	nongmin	nm	8
减少	jianshao	js	8
动	dong	d	8
卖	mai	m	8
失去	shiqu	sq	8
女孩	nvhai	nh	8
字	zi	z	8
帮	bang	b	8
形式	xingshi	xs	8
报道	baodao	bd	8
攻击	gongji	gj	7
最好	zuihao	zh	7
机场	jichang	jc	7
欢迎	huanying	hy	7
状态	zhuangtai	zt	7
狗	gou	g	7
看见	kanjian	kj	7
真实	zhenshi	zs	7
经历	jingli	jl	7
至少	zhishao	zs	7
规模	guimo	gm	7
进一步	jinyibu	jyb	7
错误	cuowu	cw	7
黑	hei	h	7
交易	jiaoyi	jy	7
仍然	rengran	rr	7
动物	dongwu	dw	7
反应	fanying	fy	7
只能	zhineng	zn	7
届	jie	j	7
思想	sixiang	sx	6
承认	chengren	cr	6
担心	danxin	dx	6
早	zao	z	6
此外	ciwai	cw	6
清楚	qingchu	qc	6
相	xiang	x	6
积极	jiji	jj	6
经常	jingchang	jc	6
经营	jingying	jy	6
绝对	juedui	jd	6
花	hua	h	6
苏联	sulian	sl	6
身体	shenti	st	6
那样	nayang	ny	6
部	bu	b	6
采取	caiqu	cq	6
黄	huang	h	6
一名	yiming	ym	6
不想	buxiang	bx	6
主	zhu	z	5
体育	tiyu	ty	5
农村	nongcun	nc	5
分享	fenxiang	fx	5
到底	daodi	dd	5
同意	tongyi	ty	5
和平	heping	hp	5
好像	haoxiang	hx	5
子	zi	z	5
尤其	youqi	yq	5
尽管	jinguan	jg	5
方案	fangan	fa	5
段	duan	d	5
每年	meinian	mn	5
第一次	diyici	dyc	5
观点	guandian	gd	5
青年	qingnian	qn	5
件	jian	j	5
信	xin	x	5
公布	gongbu	gb	5
关	guan	g	4
创新	chuangxin	cx	4
创造	chuangzao	cz	4
协议	xieyi	xy	4
即使	jishi	js	4
在于	zaiyu	zy	4
外国	waiguo	wg	4
她们	tamen	tm	4
工具	gongju	gj	4
总理	zongli	zl	4
提	ti	t	4
无论	wulun	wl	4
正常	zhengchang	zc	4
算	suan	s	4
类似	leisi	ls	4
设立	sheli	sl	4
资金	zijin	zj	4
限制	xianzhi	xz	4
一场	yichang	yc	4
不再	buzai	bz	4
五	wu	w	3
交通	jiaotong	jt	3
令	ling	l	3
利益	liyi	ly	3
制作	zhizuo	zz	3
加拿大	jianada	jnd	3
压力	yali	yl	3
宪法	xianfa	xf	3
方向	fangxiang	fx	3
有点	youdian	yd	3
破坏	pohuai	ph	3
突然	turan	tr	3
管	guan	g	3
规律	guilv	gl	3
说话	shuohua	sh	3
部长	buzhang	bz	3
金融	jinrong	jr	3
错	cuo	c	3
需	xu	x	3
不了	buliao	bl	3
不错	bucuo	bc	2
中共	zhonggong	zg	2
主任	zhuren	zr	2
举办	juban	jb	2
交流	jiaoliu	jl	2
作者	zuozhe	zz	2
刚	gang	g	2
制造	zhizao	zz	2
医疗	yiliao	yl	2
原则	yuanze	yz	2
同志	tongzhi	tz	2
团体	tuanti	tt	2
委员	weiyuan	wy	2
宗教	zongjiao	zj	2
意识	yishi	ys	2
正确	zhengque	zq	2
版本	banben	bb	2
看来	kanlai	kl	2
训练	xunlian	xl	2
远	yuan	y	2
逐渐	zhujian	zj	1
销售	xiaoshou	xs	1
附近	fujin	fj	1
不少	bushao	bs	1
人数	renshu	rs	1
儿童	ertong	et	1
允许	yunxu	yx	1
出版	chuban	cb	1
嘛	ma	m	1
回到	huidao	hd	1
国务院	guowuyuan	gwy	1
失败	shibai	sb	1
战略	zhanlve	zl	1
推动	tuidong	td	1
教授	jiaoshou	js	1
有效	youxiao	yx	1
王	wang	w	1
程度	chengdu	cd	1
编辑	bianji	bj	1
联盟	lianmeng	lm	1
